{"cameraMode":{"drawMode":0,"name":"Shaded","section":"Shading Mode"},"sceneLighting":false,"audioPlay":false,"sceneViewState":{"m_AlwaysRefresh":false,"showFog":true,"showSkybox":false,"showFlares":true,"showImageEffects":true,"showParticleSystems":true,"showVisualEffectGraphs":true,"m_FxEnabled":true},"in2DMode":false,"pivot":{"x":-1.6392905712127686,"y":0.07125980406999588,"z":0.0904497355222702},"rotation":{"x":0.07434674352407456,"y":-0.3102998733520508,"z":0.02434404566884041,"w":0.9474358558654785},"size":3.007394790649414,"orthographic":false}