{"cameraMode":{"drawMode":0,"name":"Shaded","section":"Shading Mode"},"sceneLighting":true,"audioPlay":false,"sceneViewState":{"m_AlwaysRefresh":false,"showFog":true,"showSkybox":true,"showFlares":true,"showImageEffects":true,"showParticleSystems":true,"showVisualEffectGraphs":true,"m_FxEnabled":true},"in2DMode":false,"pivot":{"x":2.454239845275879,"y":-2.0215821266174318,"z":-15.403752326965332},"rotation":{"x":-0.28058964014053347,"y":-0.08005951344966889,"z":0.023107022047042848,"w":-0.9565168023109436},"size":21.055654525756837,"orthographic":false}